chunk_index,offset_start,offset_end,size_bytes,sha256
0,0,512,512,8181efb66c11a53aa139fe3f8a4833d8ee9ae626e46c9ccba0d62ed4b75d7828
1,512,1024,512,1ef63ab806a1db3d19b26d975cb9722b5ef8db8fd21ffb13c3a4785fa296d766
2,1024,1536,512,1ef63ab806a1db3d19b26d975cb9722b5ef8db8fd21ffb13c3a4785fa296d766
3,1536,2048,512,1ef63ab806a1db3d19b26d975cb9722b5ef8db8fd21ffb13c3a4785fa296d766
4,2048,2560,512,1ef63ab806a1db3d19b26d975cb9722b5ef8db8fd21ffb13c3a4785fa296d766
5,2560,3072,512,1ef63ab806a1db3d19b26d975cb9722b5ef8db8fd21ffb13c3a4785fa296d766
6,3072,3584,512,1ef63ab806a1db3d19b26d975cb9722b5ef8db8fd21ffb13c3a4785fa296d766
7,3584,4096,512,1ef63ab806a1db3d19b26d975cb9722b5ef8db8fd21ffb13c3a4785fa296d766
8,4096,4608,512,1ef63ab806a1db3d19b26d975cb9722b5ef8db8fd21ffb13c3a4785fa296d766
9,4608,5120,512,1ef63ab806a1db3d19b26d975cb9722b5ef8db8fd21ffb13c3a4785fa296d766
10,5120,5632,512,1ef63ab806a1db3d19b26d975cb9722b5ef8db8fd21ffb13c3a4785fa296d766
11,5632,6144,512,1ef63ab806a1db3d19b26d975cb9722b5ef8db8fd21ffb13c3a4785fa296d766
12,6144,6656,512,1ef63ab806a1db3d19b26d975cb9722b5ef8db8fd21ffb13c3a4785fa296d766
13,6656,7168,512,1ef63ab806a1db3d19b26d975cb9722b5ef8db8fd21ffb13c3a4785fa296d766
14,7168,7680,512,1ef63ab806a1db3d19b26d975cb9722b5ef8db8fd21ffb13c3a4785fa296d766
15,7680,8192,512,1ef63ab806a1db3d19b26d975cb9722b5ef8db8fd21ffb13c3a4785fa296d766
16,8192,8704,512,1ef63ab806a1db3d19b26d975cb9722b5ef8db8fd21ffb13c3a4785fa296d766
17,8704,9216,512,1ef63ab806a1db3d19b26d975cb9722b5ef8db8fd21ffb13c3a4785fa296d766
18,9216,9728,512,1ef63ab806a1db3d19b26d975cb9722b5ef8db8fd21ffb13c3a4785fa296d766
19,9728,10240,512,1ef63ab806a1db3d19b26d975cb9722b5ef8db8fd21ffb13c3a4785fa296d766
20,10240,10752,512,1ef63ab806a1db3d19b26d975cb9722b5ef8db8fd21ffb13c3a4785fa296d766
21,10752,11264,512,1ef63ab806a1db3d19b26d975cb9722b5ef8db8fd21ffb13c3a4785fa296d766
22,11264,11776,512,1ef63ab806a1db3d19b26d975cb9722b5ef8db8fd21ffb13c3a4785fa296d766
23,11776,12288,512,1ef63ab806a1db3d19b26d975cb9722b5ef8db8fd21ffb13c3a4785fa296d766
24,12288,12800,512,1ef63ab806a1db3d19b26d975cb9722b5ef8db8fd21ffb13c3a4785fa296d766
25,12800,13312,512,1ef63ab806a1db3d19b26d975cb9722b5ef8db8fd21ffb13c3a4785fa296d766
26,13312,13824,512,1ef63ab806a1db3d19b26d975cb9722b5ef8db8fd21ffb13c3a4785fa296d766
27,13824,14336,512,1ef63ab806a1db3d19b26d975cb9722b5ef8db8fd21ffb13c3a4785fa296d766
28,14336,14848,512,1ef63ab806a1db3d19b26d975cb9722b5ef8db8fd21ffb13c3a4785fa296d766
29,14848,15360,512,1ef63ab806a1db3d19b26d975cb9722b5ef8db8fd21ffb13c3a4785fa296d766
30,15360,15872,512,1ef63ab806a1db3d19b26d975cb9722b5ef8db8fd21ffb13c3a4785fa296d766
31,15872,16384,512,1ef63ab806a1db3d19b26d975cb9722b5ef8db8fd21ffb13c3a4785fa296d766
32,16384,16896,512,1ef63ab806a1db3d19b26d975cb9722b5ef8db8fd21ffb13c3a4785fa296d766
33,16896,17408,512,1ef63ab806a1db3d19b26d975cb9722b5ef8db8fd21ffb13c3a4785fa296d766
34,17408,17920,512,1ef63ab806a1db3d19b26d975cb9722b5ef8db8fd21ffb13c3a4785fa296d766
35,17920,18432,512,1ef63ab806a1db3d19b26d975cb9722b5ef8db8fd21ffb13c3a4785fa296d766
36,18432,18944,512,1ef63ab806a1db3d19b26d975cb9722b5ef8db8fd21ffb13c3a4785fa296d766
37,18944,19456,512,1ef63ab806a1db3d19b26d975cb9722b5ef8db8fd21ffb13c3a4785fa296d766
38,19456,19968,512,1ef63ab806a1db3d19b26d975cb9722b5ef8db8fd21ffb13c3a4785fa296d766
39,19968,20480,512,1ef63ab806a1db3d19b26d975cb9722b5ef8db8fd21ffb13c3a4785fa296d766
40,20480,20992,512,1ef63ab806a1db3d19b26d975cb9722b5ef8db8fd21ffb13c3a4785fa296d766
41,20992,21504,512,1ef63ab806a1db3d19b26d975cb9722b5ef8db8fd21ffb13c3a4785fa296d766
42,21504,22016,512,1ef63ab806a1db3d19b26d975cb9722b5ef8db8fd21ffb13c3a4785fa296d766
43,22016,22528,512,1ef63ab806a1db3d19b26d975cb9722b5ef8db8fd21ffb13c3a4785fa296d766
44,22528,23040,512,1ef63ab806a1db3d19b26d975cb9722b5ef8db8fd21ffb13c3a4785fa296d766
45,23040,23552,512,1ef63ab806a1db3d19b26d975cb9722b5ef8db8fd21ffb13c3a4785fa296d766
46,23552,24064,512,1ef63ab806a1db3d19b26d975cb9722b5ef8db8fd21ffb13c3a4785fa296d766
47,24064,24576,512,1ef63ab806a1db3d19b26d975cb9722b5ef8db8fd21ffb13c3a4785fa296d766
48,24576,25088,512,1ef63ab806a1db3d19b26d975cb9722b5ef8db8fd21ffb13c3a4785fa296d766
49,25088,25600,512,1ef63ab806a1db3d19b26d975cb9722b5ef8db8fd21ffb13c3a4785fa296d766
50,25600,26112,512,1ef63ab806a1db3d19b26d975cb9722b5ef8db8fd21ffb13c3a4785fa296d766
51,26112,26624,512,1ef63ab806a1db3d19b26d975cb9722b5ef8db8fd21ffb13c3a4785fa296d766
52,26624,27136,512,1ef63ab806a1db3d19b26d975cb9722b5ef8db8fd21ffb13c3a4785fa296d766
53,27136,27648,512,1ef63ab806a1db3d19b26d975cb9722b5ef8db8fd21ffb13c3a4785fa296d766
54,27648,28160,512,1ef63ab806a1db3d19b26d975cb9722b5ef8db8fd21ffb13c3a4785fa296d766
55,28160,28672,512,1ef63ab806a1db3d19b26d975cb9722b5ef8db8fd21ffb13c3a4785fa296d766
56,28672,29184,512,1ef63ab806a1db3d19b26d975cb9722b5ef8db8fd21ffb13c3a4785fa296d766
57,29184,29696,512,1ef63ab806a1db3d19b26d975cb9722b5ef8db8fd21ffb13c3a4785fa296d766
58,29696,30208,512,1ef63ab806a1db3d19b26d975cb9722b5ef8db8fd21ffb13c3a4785fa296d766
59,30208,30720,512,1ef63ab806a1db3d19b26d975cb9722b5ef8db8fd21ffb13c3a4785fa296d766
60,30720,31232,512,1ef63ab806a1db3d19b26d975cb9722b5ef8db8fd21ffb13c3a4785fa296d766
61,31232,31744,512,1ef63ab806a1db3d19b26d975cb9722b5ef8db8fd21ffb13c3a4785fa296d766
62,31744,32256,512,1ef63ab806a1db3d19b26d975cb9722b5ef8db8fd21ffb13c3a4785fa296d766
63,32256,32768,512,1ef63ab806a1db3d19b26d975cb9722b5ef8db8fd21ffb13c3a4785fa296d766
64,32768,32792,24,7a18ca76cb40fcfa7772c41805151001c227205ec4ed57f4ebdbde471d42c2b4
